type,t_step,error_A,error_B,diff,filename
Real,50,0.5733580589294434,0.06262508034706116,0.5107329785823822,0816.png
Real,50,0.5599830150604248,0.07089726626873016,0.48908574879169464,0189.png
Real,50,0.569794774055481,0.0978802740573883,0.47191449999809265,0867.png
Real,50,0.5954837799072266,0.06848651170730591,0.5269972681999207,0604.png
Real,50,0.5958391427993774,0.07417159527540207,0.5216675475239754,0008.png
Real,50,0.5987517237663269,0.06557045876979828,0.5331812649965286,0439.png
Real,50,0.5745335817337036,0.08263543248176575,0.49189814925193787,0726.png
Real,50,0.6195236444473267,0.07307328283786774,0.5464503616094589,0427.png
Real,50,0.6107021570205688,0.059833116829395294,0.5508690401911736,0668.png
Real,50,0.61028653383255,0.08792155236005783,0.5223649814724922,0223.png
Real,50,0.6458784937858582,0.07302060723304749,0.5728578865528107,0281.png
Real,50,0.6317163705825806,0.06073957681655884,0.5709767937660217,0759.png
Real,50,0.5086745023727417,0.07604311406612396,0.43263138830661774,0237.png
Real,50,0.6045162081718445,0.06125842034816742,0.5432577878236771,0474.png
Real,50,0.5935561656951904,0.08107048273086548,0.512485682964325,0623.png
Real,50,0.46408993005752563,0.09339980036020279,0.37069012969732285,0851.png
Real,50,0.5892384052276611,0.0658339262008667,0.5234044790267944,0462.png
Real,50,0.6092907190322876,0.08459712564945221,0.5246935933828354,0200.png
Real,50,0.5611727237701416,0.07458627223968506,0.48658645153045654,0229.png
Real,50,0.5946279764175415,0.10210170596837997,0.49252627044916153,0558.png
Real,50,0.5704079866409302,0.062042176723480225,0.50836580991745,0576.png
Real,50,0.5540705919265747,0.05915658175945282,0.4949140101671219,0232.png
Real,50,0.6133668422698975,0.12282752990722656,0.4905393123626709,0076.png
Real,50,0.6359614729881287,0.10513748973608017,0.5308239832520485,0298.png
Real,50,0.5583300590515137,0.0984296053647995,0.4599004536867142,0241.png
Real,50,0.6197929382324219,0.07158708572387695,0.5482058525085449,0776.png
Real,50,0.6074092388153076,0.10106736421585083,0.5063418745994568,0260.png
Real,50,0.583699107170105,0.07065229117870331,0.5130468159914017,0069.png
Real,50,0.4530135989189148,0.09589065611362457,0.3571229428052902,0719.png
Real,50,0.49307069182395935,0.05707313120365143,0.4359975606203079,0627.png
Real,50,0.6239796876907349,0.07980260252952576,0.5441770851612091,0485.png
Real,50,0.5862828493118286,0.06256373226642609,0.5237191170454025,0171.png
Real,50,0.6767584681510925,0.07376620173454285,0.6029922664165497,0098.png
Real,50,0.6626359224319458,0.07380419969558716,0.5888317227363586,0054.png
Real,50,0.5979679822921753,0.1289449781179428,0.4690230041742325,0796.png
Real,50,0.5993049144744873,0.058963045477867126,0.5403418689966202,0566.png
Real,50,0.5625532865524292,0.06965643167495728,0.4928968548774719,0733.png
Real,50,0.6139728426933289,0.15713763236999512,0.45683521032333374,0442.png
Real,50,0.5637837648391724,0.07175299525260925,0.4920307695865631,0517.png
Real,50,0.5660606026649475,0.06827704608440399,0.4977835565805435,0806.png
Real,50,0.612705647945404,0.06445141136646271,0.5482542365789413,0636.png
Real,50,0.5398685932159424,0.08978903293609619,0.4500795602798462,0717.png
Real,50,0.46218129992485046,0.062287647277116776,0.3998936526477337,0628.png
Real,50,0.4669174551963806,0.12329746782779694,0.3436199873685837,0821.png
Real,50,0.4958218038082123,0.06838665902614594,0.42743514478206635,0073.png
Real,50,0.5434433221817017,0.06004750728607178,0.4833958148956299,0262.png
Real,50,0.6460954546928406,0.07731926441192627,0.5687761902809143,0438.png
Real,50,0.5333069562911987,0.07159227132797241,0.4617146849632263,0869.png
Real,50,0.5926327705383301,0.08338706195354462,0.5092457085847855,0861.png
Real,50,0.583642840385437,0.09417328238487244,0.4894695580005646,0348.png
Fake,50,0.6020115613937378,0.08420579135417938,0.5178057700395584,nano_banana_001469.png
Fake,50,0.42521151900291443,0.05509212985634804,0.3701193891465664,nano_banana_000093.png
Fake,50,0.5159693360328674,0.0661076009273529,0.4498617351055145,nano_banana_005652.png
Fake,50,0.37448352575302124,0.055804621428251266,0.31867890432477,nano_banana_002523.png
Fake,50,0.5413430333137512,0.11391150951385498,0.42743152379989624,nano_banana_002071.png
Fake,50,0.5218484401702881,0.055600717663764954,0.46624772250652313,nano_banana_003765.png
Fake,50,0.4689396321773529,0.05983384698629379,0.4091057851910591,nano_banana_003451.png
Fake,50,0.4463210105895996,0.07048361003398895,0.37583740055561066,nano_banana_002636.png
Fake,50,0.40075716376304626,0.07526842504739761,0.32548873871564865,nano_banana_002978.png
Fake,50,0.5616258382797241,0.0742165595293045,0.4874092787504196,nano_banana_001793.png
Fake,50,0.4041016697883606,0.05765242874622345,0.34644924104213715,nano_banana_007545.png
Fake,50,0.5948588848114014,0.07107893377542496,0.5237799510359764,nano_banana_002152.png
Fake,50,0.55974942445755,0.08078312873840332,0.47896629571914673,nano_banana_000536.png
Fake,50,0.4328259825706482,0.08142825961112976,0.35139772295951843,nano_banana_005842.png
Fake,50,0.440255731344223,0.059704966843128204,0.3805507645010948,nano_banana_001966.png
Fake,50,0.5373422503471375,0.07749694585800171,0.45984530448913574,nano_banana_006804.png
Fake,50,0.5453368425369263,0.06618992984294891,0.47914691269397736,nano_banana_005851.png
Fake,50,0.5285263061523438,0.06713945418596268,0.4613868519663811,nano_banana_006182.png
Fake,50,0.5365943908691406,0.063748799264431,0.4728455916047096,nano_banana_003688.png
Fake,50,0.5149301290512085,0.07715833932161331,0.4377717897295952,nano_banana_008183.png
Fake,50,0.5771539807319641,0.10114945471286774,0.4760045260190964,nano_banana_006188.png
Fake,50,0.401442289352417,0.05287397652864456,0.34856831282377243,nano_banana_007097.png
Fake,50,0.6112443804740906,0.05781549960374832,0.5534288808703423,nano_banana_001683.png
Fake,50,0.5413274168968201,0.057345371693372726,0.48398204520344734,nano_banana_000434.png
Fake,50,0.5493924617767334,0.06360669434070587,0.4857857674360275,nano_banana_005588.png
Fake,50,0.4994889497756958,0.07898204028606415,0.42050690948963165,nano_banana_001119.png
Fake,50,0.558819055557251,0.0807194858789444,0.4780995696783066,nano_banana_002285.png
Fake,50,0.5603538751602173,0.08327323943376541,0.4770806357264519,nano_banana_007641.png
Fake,50,0.45919421315193176,0.06989968568086624,0.3892945274710655,nano_banana_005249.png
Fake,50,0.46023911237716675,0.05460413917899132,0.40563497319817543,nano_banana_003202.png
Fake,50,0.37700870633125305,0.05380142480134964,0.3232072815299034,nano_banana_005128.png
Fake,50,0.5735646486282349,0.06993985921144485,0.50362478941679,nano_banana_001828.png
Fake,50,0.5437253713607788,0.06107495725154877,0.48265041410923004,nano_banana_007249.png
Fake,50,0.4739306569099426,0.06487084925174713,0.4090598076581955,nano_banana_003179.png
Fake,50,0.4229322075843811,0.06537164747714996,0.35756056010723114,nano_banana_000826.png
Fake,50,0.4565986692905426,0.049770258367061615,0.406828410923481,nano_banana_007897.png
Fake,50,0.4390776753425598,0.07333287596702576,0.36574479937553406,nano_banana_003137.png
Fake,50,0.4424942135810852,0.09184250235557556,0.35065171122550964,nano_banana_002041.png
Fake,50,0.5123982429504395,0.0818503350019455,0.43054790794849396,nano_banana_008165.png
Fake,50,0.47199124097824097,0.068351149559021,0.40364009141921997,nano_banana_007620.png
Fake,50,0.47985467314720154,0.06442268192768097,0.41543199121952057,nano_banana_001505.png
Fake,50,0.46918344497680664,0.06089142709970474,0.4082920178771019,nano_banana_005483.png
Fake,50,0.5328891277313232,0.10646163672208786,0.4264274910092354,nano_banana_001677.png
Fake,50,0.5441586971282959,0.07201781868934631,0.4721408784389496,nano_banana_002106.png
Fake,50,0.43692970275878906,0.06820553541183472,0.36872416734695435,nano_banana_001248.png
Fake,50,0.4509367346763611,0.0744001716375351,0.376536563038826,nano_banana_007434.png
Fake,50,0.5231329202651978,0.05988258868455887,0.4632503315806389,nano_banana_001709.png
Fake,50,0.4017602205276489,0.05750664696097374,0.3442535735666752,nano_banana_001543.png
Fake,50,0.60055011510849,0.08010077476501465,0.5204493403434753,nano_banana_005854.png
Fake,50,0.5484569072723389,0.06974805891513824,0.4787088483572006,nano_banana_007236.png
Real,100,0.5064531564712524,0.04670153185725212,0.4597516246140003,0816.png
Real,100,0.4977729618549347,0.05753912404179573,0.44023383781313896,0189.png
Real,100,0.5112454891204834,0.07354796677827835,0.43769752234220505,0867.png
Real,100,0.5179276466369629,0.05182299762964249,0.4661046490073204,0604.png
Real,100,0.5407761335372925,0.05226949229836464,0.48850664123892784,0008.png
Real,100,0.5354797840118408,0.04514743760228157,0.49033234640955925,0439.png
Real,100,0.49605709314346313,0.05899171531200409,0.43706537783145905,0726.png
Real,100,0.5619938373565674,0.05320248752832413,0.5087913498282433,0427.png
Real,100,0.5491446256637573,0.044192224740982056,0.5049524009227753,0668.png
Real,100,0.5496867895126343,0.061781324446201324,0.48790546506643295,0223.png
Real,100,0.5701669454574585,0.056743744760751724,0.5134232006967068,0281.png
Real,100,0.5666247010231018,0.04889891296625137,0.5177257880568504,0759.png
Real,100,0.44629979133605957,0.05217369645833969,0.3941260948777199,0237.png
Real,100,0.5429208874702454,0.04813758283853531,0.49478330463171005,0474.png
Real,100,0.5259742736816406,0.06048218160867691,0.4654920920729637,0623.png
Real,100,0.3919048309326172,0.06485915184020996,0.3270456790924072,0851.png
Real,100,0.5210466384887695,0.04620225727558136,0.47484438121318817,0462.png
Real,100,0.5434179306030273,0.05795734003186226,0.4854605905711651,0200.png
Real,100,0.4967588782310486,0.05501639097929001,0.4417424872517586,0229.png
Real,100,0.5347994565963745,0.07578657567501068,0.45901288092136383,0558.png
Real,100,0.500070333480835,0.04846983775496483,0.45160049572587013,0576.png
Real,100,0.49351292848587036,0.04224223271012306,0.4512706957757473,0232.png
Real,100,0.5344489812850952,0.08509511500597,0.4493538662791252,0076.png
Real,100,0.5872084498405457,0.07563446462154388,0.5115739852190018,0298.png
Real,100,0.4708065986633301,0.06824961304664612,0.40255698561668396,0241.png
Real,100,0.547301173210144,0.05399565398693085,0.4933055192232132,0776.png
Real,100,0.5450925827026367,0.07867953926324844,0.4664130434393883,0260.png
Real,100,0.519193708896637,0.05245879292488098,0.466734915971756,0069.png
Real,100,0.3786289691925049,0.07036207616329193,0.30826689302921295,0719.png
Real,100,0.4159877896308899,0.04411507397890091,0.371872715651989,0627.png
Real,100,0.5660967826843262,0.06282161176204681,0.5032751709222794,0485.png
Real,100,0.5221197605133057,0.04886513948440552,0.47325462102890015,0171.png
Real,100,0.6174672842025757,0.05351925641298294,0.5639480277895927,0098.png
Real,100,0.5873817205429077,0.05380944162607193,0.5335722789168358,0054.png
Real,100,0.540453314781189,0.08755389600992203,0.45289941877126694,0796.png
Real,100,0.5254241228103638,0.04657097905874252,0.47885314375162125,0566.png
Real,100,0.5046337246894836,0.051327183842659,0.45330654084682465,0733.png
Real,100,0.5540566444396973,0.12650689482688904,0.4275497496128082,0442.png
Real,100,0.49971529841423035,0.05229836702346802,0.44741693139076233,0517.png
Real,100,0.5039165616035461,0.0511857271194458,0.45273083448410034,0806.png
Real,100,0.55034339427948,0.05428815633058548,0.4960552379488945,0636.png
Real,100,0.4671269953250885,0.06599688529968262,0.4011301100254059,0717.png
Real,100,0.39540597796440125,0.0461839959025383,0.34922198206186295,0628.png
Real,100,0.4128425121307373,0.08870868384838104,0.32413382828235626,0821.png
Real,100,0.4251044988632202,0.04871843010187149,0.3763860687613487,0073.png
Real,100,0.4782734215259552,0.042891163378953934,0.43538225814700127,0262.png
Real,100,0.5971349477767944,0.058781493455171585,0.5383534543216228,0438.png
Real,100,0.4642469882965088,0.05590629577636719,0.4083406925201416,0869.png
Real,100,0.5462270975112915,0.06105348467826843,0.48517361283302307,0861.png
Real,100,0.515661895275116,0.07316381484270096,0.442498080432415,0348.png
Fake,100,0.5471622347831726,0.058272190392017365,0.48889004439115524,nano_banana_001469.png
Fake,100,0.36431416869163513,0.039503343403339386,0.32481082528829575,nano_banana_000093.png
Fake,100,0.4559047222137451,0.04676446691155434,0.4091402553021908,nano_banana_005652.png
Fake,100,0.3146969676017761,0.047462157905101776,0.26723480969667435,nano_banana_002523.png
Fake,100,0.4736124277114868,0.07791610062122345,0.39569632709026337,nano_banana_002071.png
Fake,100,0.45764225721359253,0.04111098125576973,0.4165312759578228,nano_banana_003765.png
Fake,100,0.41325366497039795,0.04924049973487854,0.3640131652355194,nano_banana_003451.png
Fake,100,0.38075971603393555,0.05409704148769379,0.32666267454624176,nano_banana_002636.png
Fake,100,0.3406408429145813,0.05642214044928551,0.2842187024652958,nano_banana_002978.png
Fake,100,0.49933311343193054,0.05470643565058708,0.44462667778134346,nano_banana_001793.png
Fake,100,0.342943012714386,0.04802321642637253,0.29491979628801346,nano_banana_007545.png
Fake,100,0.5288463830947876,0.05605868995189667,0.47278769314289093,nano_banana_002152.png
Fake,100,0.49728965759277344,0.05865084007382393,0.4386388175189495,nano_banana_000536.png
Fake,100,0.3673486113548279,0.05661901831626892,0.31072959303855896,nano_banana_005842.png
Fake,100,0.3780977725982666,0.042396217584609985,0.3357015550136566,nano_banana_001966.png
Fake,100,0.4638521671295166,0.05662078410387039,0.4072313830256462,nano_banana_006804.png
Fake,100,0.48941570520401,0.04657214134931564,0.44284356385469437,nano_banana_005851.png
Fake,100,0.4620324373245239,0.05216403678059578,0.40986840054392815,nano_banana_006182.png
Fake,100,0.47481420636177063,0.04994905740022659,0.42486514896154404,nano_banana_003688.png
Fake,100,0.4557346999645233,0.06326117366552353,0.3924735262989998,nano_banana_008183.png
Fake,100,0.5198302865028381,0.07592499256134033,0.4439052939414978,nano_banana_006188.png
Fake,100,0.3426041007041931,0.04223558306694031,0.3003685176372528,nano_banana_007097.png
Fake,100,0.5422608256340027,0.04458659887313843,0.49767422676086426,nano_banana_001683.png
Fake,100,0.47980350255966187,0.045478399842977524,0.43432510271668434,nano_banana_000434.png
Fake,100,0.49548017978668213,0.04602069780230522,0.4494594819843769,nano_banana_005588.png
Fake,100,0.43893325328826904,0.06008770689368248,0.37884554639458656,nano_banana_001119.png
Fake,100,0.48545461893081665,0.05783510208129883,0.4276195168495178,nano_banana_002285.png
Fake,100,0.4921483099460602,0.060340914875268936,0.43180739507079124,nano_banana_007641.png
Fake,100,0.3768196702003479,0.05171322450041771,0.3251064456999302,nano_banana_005249.png
Fake,100,0.39258044958114624,0.040749553591012955,0.3518308959901333,nano_banana_003202.png
Fake,100,0.30141541361808777,0.04045073688030243,0.26096467673778534,nano_banana_005128.png
Fake,100,0.5113174915313721,0.05487494915723801,0.45644254237413406,nano_banana_001828.png
Fake,100,0.4745606482028961,0.04710700735449791,0.4274536408483982,nano_banana_007249.png
Fake,100,0.4171594977378845,0.05059420317411423,0.3665652945637703,nano_banana_003179.png
Fake,100,0.3546573519706726,0.053214944899082184,0.3014424070715904,nano_banana_000826.png
Fake,100,0.38010627031326294,0.0428273007273674,0.33727896958589554,nano_banana_007897.png
Fake,100,0.38721343874931335,0.053563814610242844,0.3336496241390705,nano_banana_003137.png
Fake,100,0.3819420337677002,0.07197462022304535,0.30996741354465485,nano_banana_002041.png
Fake,100,0.4514906406402588,0.056383661925792694,0.3951069787144661,nano_banana_008165.png
Fake,100,0.40717634558677673,0.04835700988769531,0.3588193356990814,nano_banana_007620.png
Fake,100,0.4136218726634979,0.047536011785268784,0.36608586087822914,nano_banana_001505.png
Fake,100,0.40994173288345337,0.04620196670293808,0.3637397661805153,nano_banana_005483.png
Fake,100,0.46512842178344727,0.07962142676115036,0.3855069950222969,nano_banana_001677.png
Fake,100,0.4960598647594452,0.05511736497282982,0.44094249978661537,nano_banana_002106.png
Fake,100,0.3696577548980713,0.04729074612259865,0.32236700877547264,nano_banana_001248.png
Fake,100,0.3804299235343933,0.055853210389614105,0.3245767131447792,nano_banana_007434.png
Fake,100,0.45243707299232483,0.04569556564092636,0.40674150735139847,nano_banana_001709.png
Fake,100,0.3293151557445526,0.0442153662443161,0.2850997895002365,nano_banana_001543.png
Fake,100,0.5327792167663574,0.05536997318267822,0.4774092435836792,nano_banana_005854.png
Fake,100,0.4872225522994995,0.04997222498059273,0.4372503273189068,nano_banana_007236.png
Real,150,0.4557960629463196,0.03870721161365509,0.4170888513326645,0816.png
Real,150,0.4388037323951721,0.044444743543863297,0.3943589888513088,0189.png
Real,150,0.4678843021392822,0.05570584535598755,0.4121784567832947,0867.png
Real,150,0.4730197787284851,0.0437641516327858,0.4292556270956993,0604.png
Real,150,0.4965481162071228,0.044878169894218445,0.45166994631290436,0008.png
Real,150,0.48495781421661377,0.038171716034412384,0.4467860981822014,0439.png
Real,150,0.4447818994522095,0.05051495507359505,0.3942669443786144,0726.png
Real,150,0.514044463634491,0.04249567538499832,0.47154878824949265,0427.png
Real,150,0.49821022152900696,0.03730035945773125,0.4609098620712757,0668.png
Real,150,0.49607837200164795,0.0505799725651741,0.44549839943647385,0223.png
Real,150,0.5266724228858948,0.04860668256878853,0.47806574031710625,0281.png
Real,150,0.51560378074646,0.04471150413155556,0.4708922766149044,0759.png
Real,150,0.40656933188438416,0.04579664394259453,0.3607726879417896,0237.png
Real,150,0.48819825053215027,0.04127294570207596,0.4469253048300743,0474.png
Real,150,0.4858372211456299,0.04970168322324753,0.43613553792238235,0623.png
Real,150,0.3438699543476105,0.05741169676184654,0.28645825758576393,0851.png
Real,150,0.47464585304260254,0.042237572371959686,0.43240828067064285,0462.png
Real,150,0.49647003412246704,0.05019292235374451,0.44627711176872253,0200.png
Real,150,0.44650667905807495,0.04592105373740196,0.400585625320673,0229.png
Real,150,0.4811335802078247,0.06284627318382263,0.4182873070240021,0558.png
Real,150,0.45080626010894775,0.03585495799779892,0.41495130211114883,0576.png
Real,150,0.4395553171634674,0.036857493221759796,0.4026978239417076,0232.png
Real,150,0.4996703863143921,0.06902360171079636,0.43064678460359573,0076.png
Real,150,0.5489391684532166,0.05873933434486389,0.49019983410835266,0298.png
Real,150,0.4194853901863098,0.05509008467197418,0.36439530551433563,0241.png
Real,150,0.4952867031097412,0.044301629066467285,0.4509850740432739,0776.png
Real,150,0.49471133947372437,0.05821282044053078,0.4364985190331936,0260.png
Real,150,0.4830431342124939,0.044270239770412445,0.43877289444208145,0069.png
Real,150,0.34357333183288574,0.054580800235271454,0.2889925315976143,0719.png
Real,150,0.37901684641838074,0.040113627910614014,0.3389032185077667,0627.png
Real,150,0.5209735035896301,0.05159624293446541,0.4693772606551647,0485.png
Real,150,0.4847598671913147,0.04063676297664642,0.4441231042146683,0171.png
Real,150,0.5711734294891357,0.04159088060259819,0.5295825488865376,0098.png
Real,150,0.544339656829834,0.04373089596629143,0.5006087608635426,0054.png
Real,150,0.48904284834861755,0.06823670864105225,0.4208061397075653,0796.png
Real,150,0.47488537430763245,0.036154624074697495,0.43873075023293495,0566.png
Real,150,0.45100632309913635,0.041055843234062195,0.40995047986507416,0733.png
Real,150,0.4997095465660095,0.10292072594165802,0.3967888206243515,0442.png
Real,150,0.4609963893890381,0.04141589254140854,0.41958049684762955,0517.png
Real,150,0.4602384567260742,0.04009365290403366,0.42014480382204056,0806.png
Real,150,0.5075860023498535,0.042859163135290146,0.46472683921456337,0636.png
Real,150,0.42402946949005127,0.05177086219191551,0.37225860729813576,0717.png
Real,150,0.3574778735637665,0.04115498065948486,0.3163228929042816,0628.png
Real,150,0.3770706057548523,0.06971460580825806,0.30735599994659424,0821.png
Real,150,0.3823430836200714,0.04144100099802017,0.34090208262205124,0073.png
Real,150,0.4333863854408264,0.037433721125125885,0.39595266431570053,0262.png
Real,150,0.5540094375610352,0.045097194612026215,0.5089122429490089,0438.png
Real,150,0.41904139518737793,0.04379458725452423,0.3752468079328537,0869.png
Real,150,0.5082868337631226,0.052391134202480316,0.45589569956064224,0861.png
Real,150,0.46268388628959656,0.06306032836437225,0.3996235579252243,0348.png
Fake,150,0.5027679204940796,0.048557281494140625,0.45421063899993896,nano_banana_001469.png
Fake,150,0.3250802457332611,0.034995704889297485,0.2900845408439636,nano_banana_000093.png
Fake,150,0.41847148537635803,0.042489998042583466,0.37598148733377457,nano_banana_005652.png
Fake,150,0.292965292930603,0.03381538763642311,0.2591499052941799,nano_banana_002523.png
Fake,150,0.43153971433639526,0.06368480622768402,0.36785490810871124,nano_banana_002071.png
Fake,150,0.4191291332244873,0.034485574811697006,0.3846435584127903,nano_banana_003765.png
Fake,150,0.3662508726119995,0.03541458398103714,0.33083628863096237,nano_banana_003451.png
Fake,150,0.3421417474746704,0.04135337099432945,0.30078837648034096,nano_banana_002636.png
Fake,150,0.3117639720439911,0.04698735475540161,0.2647766172885895,nano_banana_002978.png
Fake,150,0.4515623152256012,0.04469709098339081,0.4068652242422104,nano_banana_001793.png
Fake,150,0.3005211055278778,0.034461744129657745,0.26605936139822006,nano_banana_007545.png
Fake,150,0.48302793502807617,0.046067919582128525,0.43696001544594765,nano_banana_002152.png
Fake,150,0.458795964717865,0.048919424414634705,0.4098765403032303,nano_banana_000536.png
Fake,150,0.3354155719280243,0.04899003729224205,0.28642553463578224,nano_banana_005842.png
Fake,150,0.3384001851081848,0.03514980897307396,0.30325037613511086,nano_banana_001966.png
Fake,150,0.4200292229652405,0.048336535692214966,0.3716926872730255,nano_banana_006804.png
Fake,150,0.42794767022132874,0.04417547956109047,0.38377219066023827,nano_banana_005851.png
Fake,150,0.42210230231285095,0.03840130567550659,0.38370099663734436,nano_banana_006182.png
Fake,150,0.43377214670181274,0.03777528181672096,0.3959968648850918,nano_banana_003688.png
Fake,150,0.41463083028793335,0.03962711989879608,0.37500371038913727,nano_banana_008183.png
Fake,150,0.4658435583114624,0.06311782449483871,0.4027257338166237,nano_banana_006188.png
Fake,150,0.30075299739837646,0.0326232835650444,0.26812971383333206,nano_banana_007097.png
Fake,150,0.5046637058258057,0.037874408066272736,0.46678929775953293,nano_banana_001683.png
Fake,150,0.43418726325035095,0.03952581435441971,0.39466144889593124,nano_banana_000434.png
Fake,150,0.4474293291568756,0.03844268620014191,0.4089866429567337,nano_banana_005588.png
Fake,150,0.39719143509864807,0.05437000095844269,0.3428214341402054,nano_banana_001119.png
Fake,150,0.44044411182403564,0.04772355034947395,0.3927205614745617,nano_banana_002285.png
Fake,150,0.4545717239379883,0.04855266958475113,0.40601905435323715,nano_banana_007641.png
Fake,150,0.3351353406906128,0.04435053467750549,0.2907848060131073,nano_banana_005249.png
Fake,150,0.3427721858024597,0.03291347995400429,0.30985870584845543,nano_banana_003202.png
Fake,150,0.26223382353782654,0.03457268327474594,0.2276611402630806,nano_banana_005128.png
Fake,150,0.46436330676078796,0.04643814265727997,0.417925164103508,nano_banana_001828.png
Fake,150,0.43558216094970703,0.04045221209526062,0.3951299488544464,nano_banana_007249.png
Fake,150,0.3752548396587372,0.04088893160223961,0.3343659080564976,nano_banana_003179.png
Fake,150,0.3247755765914917,0.040813591331243515,0.2839619852602482,nano_banana_000826.png
Fake,150,0.33646106719970703,0.03563445806503296,0.3008266091346741,nano_banana_007897.png
Fake,150,0.3399156332015991,0.04256002604961395,0.29735560715198517,nano_banana_003137.png
Fake,150,0.3331845700740814,0.06958410143852234,0.2636004686355591,nano_banana_002041.png
Fake,150,0.4027124047279358,0.04394897446036339,0.3587634302675724,nano_banana_008165.png
Fake,150,0.36347413063049316,0.042475808411836624,0.32099832221865654,nano_banana_007620.png
Fake,150,0.3798635005950928,0.040962859988212585,0.3389006406068802,nano_banana_001505.png
Fake,150,0.3825531303882599,0.03945939615368843,0.34309373423457146,nano_banana_005483.png
Fake,150,0.4208530783653259,0.06050623953342438,0.36034683883190155,nano_banana_001677.png
Fake,150,0.44995296001434326,0.04350052773952484,0.4064524322748184,nano_banana_002106.png
Fake,150,0.33899086713790894,0.040858279913663864,0.29813258722424507,nano_banana_001248.png
Fake,150,0.3414651155471802,0.04474330693483353,0.29672180861234665,nano_banana_007434.png
Fake,150,0.4121972918510437,0.03719830513000488,0.3749989867210388,nano_banana_001709.png
Fake,150,0.28875237703323364,0.03136758506298065,0.257384791970253,nano_banana_001543.png
Fake,150,0.4938420057296753,0.048112571239471436,0.44572943449020386,nano_banana_005854.png
Fake,150,0.44476383924484253,0.039365850389003754,0.4053979888558388,nano_banana_007236.png
Real,200,0.41910433769226074,0.03283478319644928,0.38626955449581146,0816.png
Real,200,0.4002397656440735,0.03537054359912872,0.36486922204494476,0189.png
Real,200,0.4406846761703491,0.04688999056816101,0.3937946856021881,0867.png
Real,200,0.42916762828826904,0.036910030990839005,0.39225759729743004,0604.png
Real,200,0.4529303312301636,0.0348784402012825,0.4180518910288811,0008.png
Real,200,0.44422200322151184,0.033994410187006,0.41022759303450584,0439.png
Real,200,0.4048561453819275,0.04213688150048256,0.36271926388144493,0726.png
Real,200,0.4605522155761719,0.04109165072441101,0.41946056485176086,0427.png
Real,200,0.4596661925315857,0.03385474532842636,0.42581144720315933,0668.png
Real,200,0.4505828619003296,0.04415816813707352,0.4064246937632561,0223.png
Real,200,0.4896019399166107,0.041428834199905396,0.4481731057167053,0281.png
Real,200,0.4730296730995178,0.0347243994474411,0.4383052736520767,0759.png
Real,200,0.3724188804626465,0.04205261915922165,0.33036626130342484,0237.png
Real,200,0.45053619146347046,0.034009434282779694,0.41652675718069077,0474.png
Real,200,0.45570695400238037,0.04293208569288254,0.41277486830949783,0623.png
Real,200,0.3108538091182709,0.04413096606731415,0.2667228430509567,0851.png
Real,200,0.4322892129421234,0.03555062413215637,0.39673858880996704,0462.png
Real,200,0.4586448669433594,0.03978361561894417,0.4188612513244152,0200.png
Real,200,0.4111040532588959,0.03708532452583313,0.37401872873306274,0229.png
Real,200,0.44776296615600586,0.0507088229060173,0.39705414324998856,0558.png
Real,200,0.4121171832084656,0.030741114169359207,0.38137606903910637,0576.png
Real,200,0.4059787094593048,0.029520053416490555,0.37645865604281425,0232.png
Real,200,0.4591260850429535,0.059046193957328796,0.4000798910856247,0076.png
Real,200,0.5128517150878906,0.04615650326013565,0.466695211827755,0298.png
Real,200,0.37468838691711426,0.04566234350204468,0.3290260434150696,0241.png
Real,200,0.45688241720199585,0.0376666784286499,0.41921573877334595,0776.png
Real,200,0.4537797272205353,0.048497505486011505,0.4052822217345238,0260.png
Real,200,0.4522453248500824,0.03526900336146355,0.41697632148861885,0069.png
Real,200,0.31447702646255493,0.04788821190595627,0.26658881455659866,0719.png
Real,200,0.34498003125190735,0.03169894218444824,0.3132810890674591,0627.png
Real,200,0.48269516229629517,0.04076271504163742,0.44193244725465775,0485.png
Real,200,0.4377706050872803,0.036303453147411346,0.4014671519398689,0171.png
Real,200,0.5274117588996887,0.03737569600343704,0.4900360628962517,0098.png
Real,200,0.4915172755718231,0.03942178562283516,0.45209548994898796,0054.png
Real,200,0.4399336278438568,0.06047378480434418,0.37945984303951263,0796.png
Real,200,0.4411223232746124,0.03610098361968994,0.4050213396549225,0566.png
Real,200,0.41369765996932983,0.038812942802906036,0.3748847171664238,0733.png
Real,200,0.45531952381134033,0.08424912393093109,0.37107039988040924,0442.png
Real,200,0.41997867822647095,0.03579360619187355,0.3841850720345974,0517.png
Real,200,0.4203823208808899,0.03545891493558884,0.38492340594530106,0806.png
Real,200,0.4726223349571228,0.036555759608745575,0.43606657534837723,0636.png
Real,200,0.37995412945747375,0.040390536189079285,0.33956359326839447,0717.png
Real,200,0.32566630840301514,0.035561878234148026,0.2901044301688671,0628.png
Real,200,0.3494444489479065,0.059599414467811584,0.2898450344800949,0821.png
Real,200,0.34415340423583984,0.0330691784620285,0.31108422577381134,0073.png
Real,200,0.39631757140159607,0.030292648822069168,0.3660249225795269,0262.png
Real,200,0.5162620544433594,0.04058382287621498,0.4756782315671444,0438.png
Real,200,0.38307830691337585,0.035639505833387375,0.3474388010799885,0869.png
Real,200,0.4629099369049072,0.048447705805301666,0.41446223109960556,0861.png
Real,200,0.4287470579147339,0.054737769067287445,0.37400928884744644,0348.png
Fake,200,0.46320754289627075,0.03742363303899765,0.4257839098572731,nano_banana_001469.png
Fake,200,0.29711320996284485,0.03371681272983551,0.26339639723300934,nano_banana_000093.png
Fake,200,0.3845633268356323,0.0334663912653923,0.35109693557024,nano_banana_005652.png
Fake,200,0.26255133748054504,0.029794108122587204,0.23275722935795784,nano_banana_002523.png
Fake,200,0.39891690015792847,0.05311796814203262,0.34579893201589584,nano_banana_002071.png
Fake,200,0.38690853118896484,0.029542338103055954,0.3573661930859089,nano_banana_003765.png
Fake,200,0.3348506689071655,0.029607495293021202,0.3052431736141443,nano_banana_003451.png
Fake,200,0.30544716119766235,0.036730293184518814,0.26871686801314354,nano_banana_002636.png
Fake,200,0.28604310750961304,0.03885387256741524,0.2471892349421978,nano_banana_002978.png
Fake,200,0.41280844807624817,0.03648841381072998,0.3763200342655182,nano_banana_001793.png
Fake,200,0.27781862020492554,0.03245805576443672,0.24536056444048882,nano_banana_007545.png
Fake,200,0.44804346561431885,0.03778204321861267,0.4102614223957062,nano_banana_002152.png
Fake,200,0.43058550357818604,0.04074579477310181,0.38983970880508423,nano_banana_000536.png
Fake,200,0.31860509514808655,0.04179840534925461,0.27680668979883194,nano_banana_005842.png
Fake,200,0.31274664402008057,0.03407596796751022,0.27867067605257034,nano_banana_001966.png
Fake,200,0.38936251401901245,0.04170306771993637,0.3476594462990761,nano_banana_006804.png
Fake,200,0.39706605672836304,0.034531958401203156,0.3625340983271599,nano_banana_005851.png
Fake,200,0.3916760981082916,0.033560387790203094,0.35811571031808853,nano_banana_006182.png
Fake,200,0.3933798670768738,0.0384705513715744,0.3549093157052994,nano_banana_003688.png
Fake,200,0.3760702610015869,0.036985933780670166,0.33908432722091675,nano_banana_008183.png
Fake,200,0.4301552176475525,0.05009281635284424,0.38006240129470825,nano_banana_006188.png
Fake,200,0.2829059064388275,0.03271568566560745,0.25019022077322006,nano_banana_007097.png
Fake,200,0.4688224792480469,0.03204900026321411,0.43677347898483276,nano_banana_001683.png
Fake,200,0.39958882331848145,0.03356989100575447,0.366018932312727,nano_banana_000434.png
Fake,200,0.4221237301826477,0.03367248922586441,0.3884512409567833,nano_banana_005588.png
Fake,200,0.35687774419784546,0.042377520352602005,0.31450022384524345,nano_banana_001119.png
Fake,200,0.40113455057144165,0.04045632854104042,0.36067822203040123,nano_banana_002285.png
Fake,200,0.4184032082557678,0.04142041876912117,0.37698278948664665,nano_banana_007641.png
Fake,200,0.30293989181518555,0.03442712873220444,0.2685127630829811,nano_banana_005249.png
Fake,200,0.311606228351593,0.036360155791044235,0.2752460725605488,nano_banana_003202.png
Fake,200,0.24057637155056,0.03221968561410904,0.20835668593645096,nano_banana_005128.png
Fake,200,0.4211292862892151,0.035241831094026566,0.3858874551951885,nano_banana_001828.png
Fake,200,0.3968852162361145,0.03567034751176834,0.36121486872434616,nano_banana_007249.png
Fake,200,0.34151822328567505,0.03834729269146919,0.30317093059420586,nano_banana_003179.png
Fake,200,0.2936854958534241,0.03228171169757843,0.26140378415584564,nano_banana_000826.png
Fake,200,0.300659716129303,0.029255567118525505,0.2714041490107775,nano_banana_007897.png
Fake,200,0.3101717531681061,0.03830531984567642,0.27186643332242966,nano_banana_003137.png
Fake,200,0.29998376965522766,0.05880676209926605,0.2411770075559616,nano_banana_002041.png
Fake,200,0.37290817499160767,0.04310731217265129,0.3298008628189564,nano_banana_008165.png
Fake,200,0.3416286110877991,0.03575189411640167,0.3058767169713974,nano_banana_007620.png
Fake,200,0.3488340973854065,0.03279132395982742,0.31604277342557907,nano_banana_001505.png
Fake,200,0.3466373682022095,0.035724032670259476,0.31091333553195,nano_banana_005483.png
Fake,200,0.3979898691177368,0.04964275285601616,0.34834711626172066,nano_banana_001677.png
Fake,200,0.4289436340332031,0.03701767325401306,0.39192596077919006,nano_banana_002106.png
Fake,200,0.30462515354156494,0.039338238537311554,0.2652869150042534,nano_banana_001248.png
Fake,200,0.30539989471435547,0.03696960210800171,0.26843029260635376,nano_banana_007434.png
Fake,200,0.37686213850975037,0.03517090529203415,0.3416912332177162,nano_banana_001709.png
Fake,200,0.25947368144989014,0.030117442831397057,0.22935623861849308,nano_banana_001543.png
Fake,200,0.46303826570510864,0.04002521187067032,0.4230130538344383,nano_banana_005854.png
Fake,200,0.41495460271835327,0.03458322584629059,0.3803713768720627,nano_banana_007236.png
Real,250,0.38858652114868164,0.030815351754426956,0.3577711693942547,0816.png
Real,250,0.37568286061286926,0.03333807736635208,0.3423447832465172,0189.png
Real,250,0.400972843170166,0.039809949696063995,0.361162893474102,0867.png
Real,250,0.4075429439544678,0.03283631056547165,0.3747066333889961,0604.png
Real,250,0.42154693603515625,0.03512032702565193,0.3864266090095043,0008.png
Real,250,0.4035407304763794,0.030990129336714745,0.37255060113966465,0439.png
Real,250,0.3708491921424866,0.034340813755989075,0.3365083783864975,0726.png
Real,250,0.42721500992774963,0.036382999271154404,0.39083201065659523,0427.png
Real,250,0.4178466200828552,0.028088267892599106,0.3897583521902561,0668.png
Real,250,0.40744778513908386,0.03911486268043518,0.3683329224586487,0223.png
Real,250,0.4478912949562073,0.03892955183982849,0.4089617431163788,0281.png
Real,250,0.4344989061355591,0.030678067356348038,0.40382083877921104,0759.png
Real,250,0.34653955698013306,0.03399903327226639,0.31254052370786667,0237.png
Real,250,0.4225562512874603,0.02837589755654335,0.394180353730917,0474.png
Real,250,0.42080938816070557,0.03686513751745224,0.3839442506432533,0623.png
Real,250,0.28574487566947937,0.03986784815788269,0.24587702751159668,0851.png
Real,250,0.3957533836364746,0.03152632340788841,0.3642270602285862,0462.png
Real,250,0.41414475440979004,0.035551220178604126,0.3785935342311859,0200.png
Real,250,0.3830839693546295,0.03940654546022415,0.34367742389440536,0229.png
Real,250,0.4268799424171448,0.04711233451962471,0.37976760789752007,0558.png
Real,250,0.37158313393592834,0.029774706810712814,0.34180842712521553,0576.png
Real,250,0.3723403215408325,0.028536535799503326,0.3438037857413292,0232.png
Real,250,0.42085641622543335,0.05043257027864456,0.3704238459467888,0076.png
Real,250,0.4746822118759155,0.042909953743219376,0.43177225813269615,0298.png
Real,250,0.3362255394458771,0.038005538284778595,0.2982200011610985,0241.png
Real,250,0.4248253107070923,0.032234884798526764,0.3925904259085655,0776.png
Real,250,0.40976327657699585,0.04364321008324623,0.3661200664937496,0260.png
Real,250,0.4253388047218323,0.0295453742146492,0.3957934305071831,0069.png
Real,250,0.2857699394226074,0.03798000514507294,0.24778993427753448,0719.png
Real,250,0.31591796875,0.028342675417661667,0.28757529333233833,0627.png
Real,250,0.4503375291824341,0.034035783261060715,0.41630174592137337,0485.png
Real,250,0.39596086740493774,0.02792271599173546,0.3680381514132023,0171.png
Real,250,0.484508216381073,0.031870853155851364,0.45263736322522163,0098.png
Real,250,0.44299155473709106,0.03500134497880936,0.4079902097582817,0054.png
Real,250,0.4162285029888153,0.04791732877492905,0.36831117421388626,0796.png
Real,250,0.4022081792354584,0.03167042136192322,0.37053775787353516,0566.png
Real,250,0.38066476583480835,0.03528200834989548,0.3453827574849129,0733.png
Real,250,0.4150892198085785,0.07082648575305939,0.3442627340555191,0442.png
Real,250,0.3843514323234558,0.03902802616357803,0.3453234061598778,0517.png
Real,250,0.3855891823768616,0.028829392045736313,0.35675979033112526,0806.png
Real,250,0.4303528368473053,0.03385453298687935,0.39649830386042595,0636.png
Real,250,0.3485140800476074,0.043074220418930054,0.30543985962867737,0717.png
Real,250,0.3073059916496277,0.0291329063475132,0.2781730853021145,0628.png
Real,250,0.340732216835022,0.05084231123328209,0.2898899056017399,0821.png
Real,250,0.3073277473449707,0.03505054488778114,0.27227720245718956,0073.png
Real,250,0.3635583221912384,0.02689177170395851,0.3366665504872799,0262.png
Real,250,0.4755779802799225,0.033364951610565186,0.4422130286693573,0438.png
Real,250,0.346397340297699,0.032613322138786316,0.31378401815891266,0869.png
Real,250,0.43007397651672363,0.04091401398181915,0.3891599625349045,0861.png
Real,250,0.39685750007629395,0.04434248432517052,0.35251501575112343,0348.png
Fake,250,0.4196094274520874,0.039439305663108826,0.3801701217889786,nano_banana_001469.png
Fake,250,0.2796875238418579,0.02708677016198635,0.25260075367987156,nano_banana_000093.png
Fake,250,0.351718544960022,0.030238453298807144,0.32148009166121483,nano_banana_005652.png
Fake,250,0.24276909232139587,0.02899542823433876,0.2137736640870571,nano_banana_002523.png
Fake,250,0.3784215748310089,0.04590918868780136,0.33251238614320755,nano_banana_002071.png
Fake,250,0.3483961820602417,0.029312092810869217,0.3190840892493725,nano_banana_003765.png
Fake,250,0.30124998092651367,0.02875608392059803,0.27249389700591564,nano_banana_003451.png
Fake,250,0.28646302223205566,0.02913425862789154,0.2573287636041641,nano_banana_002636.png
Fake,250,0.27652955055236816,0.037861719727516174,0.238667830824852,nano_banana_002978.png
Fake,250,0.3700719475746155,0.03164586424827576,0.3384260833263397,nano_banana_001793.png
Fake,250,0.2552841305732727,0.03780364617705345,0.21748048439621925,nano_banana_007545.png
Fake,250,0.41716545820236206,0.033197350800037384,0.3839681074023247,nano_banana_002152.png
Fake,250,0.4009721279144287,0.03456062451004982,0.3664115034043789,nano_banana_000536.png
Fake,250,0.2953449487686157,0.03647392988204956,0.25887101888656616,nano_banana_005842.png
Fake,250,0.28840118646621704,0.03261372074484825,0.2557874657213688,nano_banana_001966.png
Fake,250,0.35839134454727173,0.03718424588441849,0.32120709866285324,nano_banana_006804.png
Fake,250,0.3687087297439575,0.03138609975576401,0.3373226299881935,nano_banana_005851.png
Fake,250,0.36173778772354126,0.027045264840126038,0.3346925228834152,nano_banana_006182.png
Fake,250,0.3580607771873474,0.028049398213624954,0.33001137897372246,nano_banana_003688.png
Fake,250,0.3509334325790405,0.034216850996017456,0.31671658158302307,nano_banana_008183.png
Fake,250,0.40370243787765503,0.04692068696022034,0.3567817509174347,nano_banana_006188.png
Fake,250,0.2719808518886566,0.0262333732098341,0.24574747867882252,nano_banana_007097.png
Fake,250,0.4344128668308258,0.02792183682322502,0.4064910300076008,nano_banana_001683.png
Fake,250,0.3740917146205902,0.028195835649967194,0.345895878970623,nano_banana_000434.png
Fake,250,0.38830769062042236,0.03019060753285885,0.3581170830875635,nano_banana_005588.png
Fake,250,0.3437954783439636,0.04197585955262184,0.3018196187913418,nano_banana_001119.png
Fake,250,0.37480628490448,0.03758218139410019,0.3372241035103798,nano_banana_002285.png
Fake,250,0.38761305809020996,0.036743491888046265,0.3508695662021637,nano_banana_007641.png
Fake,250,0.2775420546531677,0.0312314685434103,0.24631058610975742,nano_banana_005249.png
Fake,250,0.28477761149406433,0.027646109461784363,0.25713150203227997,nano_banana_003202.png
Fake,250,0.21329590678215027,0.027274243533611298,0.18602166324853897,nano_banana_005128.png
Fake,250,0.38980165123939514,0.02777639776468277,0.36202525347471237,nano_banana_001828.png
Fake,250,0.3677011728286743,0.027272731065750122,0.3404284417629242,nano_banana_007249.png
Fake,250,0.32412654161453247,0.02905408665537834,0.29507245495915413,nano_banana_003179.png
Fake,250,0.2728850543498993,0.030805986374616623,0.24207906797528267,nano_banana_000826.png
Fake,250,0.275912880897522,0.03190683200955391,0.24400604888796806,nano_banana_007897.png
Fake,250,0.2926340401172638,0.037744779139757156,0.25488926097750664,nano_banana_003137.png
Fake,250,0.2765935957431793,0.04884403198957443,0.2277495637536049,nano_banana_002041.png
Fake,250,0.3428703844547272,0.03447519987821579,0.3083951845765114,nano_banana_008165.png
Fake,250,0.30892276763916016,0.032541368156671524,0.27638139948248863,nano_banana_007620.png
Fake,250,0.3197212219238281,0.032549016177654266,0.28717220574617386,nano_banana_001505.png
Fake,250,0.31586524844169617,0.03352636098861694,0.2823388874530792,nano_banana_005483.png
Fake,250,0.36730003356933594,0.044142596423625946,0.32315743714571,nano_banana_001677.png
Fake,250,0.3939732313156128,0.031058207154273987,0.3629150241613388,nano_banana_002106.png
Fake,250,0.2888597548007965,0.031359076499938965,0.25750067830085754,nano_banana_001248.png
Fake,250,0.2782858610153198,0.0294937863945961,0.24879207462072372,nano_banana_007434.png
Fake,250,0.3613477945327759,0.029548490419983864,0.331799304112792,nano_banana_001709.png
Fake,250,0.2376289814710617,0.02300276979804039,0.21462621167302132,nano_banana_001543.png
Fake,250,0.4182541072368622,0.0369020476937294,0.3813520595431328,nano_banana_005854.png
Fake,250,0.382473886013031,0.03399142622947693,0.3484824597835541,nano_banana_007236.png
Real,300,0.35093075037002563,0.028686605393886566,0.32224414497613907,0816.png
Real,300,0.3451070785522461,0.030883006751537323,0.31422407180070877,0189.png
Real,300,0.37475475668907166,0.033713389188051224,0.34104136750102043,0867.png
Real,300,0.37486177682876587,0.03117584064602852,0.34368593618273735,0604.png
Real,300,0.3941182792186737,0.02693449705839157,0.36718378216028214,0008.png
Real,300,0.36867523193359375,0.029445379972457886,0.33922985196113586,0439.png
Real,300,0.3379157483577728,0.030474526807665825,0.307441221550107,0726.png
Real,300,0.3877298831939697,0.028742067515850067,0.35898781567811966,0427.png
Real,300,0.3789593577384949,0.02572605386376381,0.35323330387473106,0668.png
Real,300,0.36828112602233887,0.03340478986501694,0.33487633615732193,0223.png
Real,300,0.4138413071632385,0.032740429043769836,0.3811008781194687,0281.png
Real,300,0.39487868547439575,0.02681545913219452,0.36806322634220123,0759.png
Real,300,0.318895548582077,0.03019162081182003,0.288703927770257,0237.png
Real,300,0.39217567443847656,0.030570439994335175,0.3616052344441414,0474.png
Real,300,0.3834506869316101,0.030706387013196945,0.35274429991841316,0623.png
Real,300,0.2672494053840637,0.03399945795536041,0.2332499474287033,0851.png
Real,300,0.35973015427589417,0.026934990659356117,0.33279516361653805,0462.png
Real,300,0.37912237644195557,0.031100407242774963,0.3480219691991806,0200.png
Real,300,0.3479727804660797,0.03097059577703476,0.31700218468904495,0229.png
Real,300,0.39583832025527954,0.039649076759815216,0.3561892434954643,0558.png
Real,300,0.3444964289665222,0.02571095898747444,0.3187854699790478,0576.png
Real,300,0.33617523312568665,0.02757183089852333,0.3086034022271633,0232.png
Real,300,0.38391736149787903,0.04289351403713226,0.34102384746074677,0076.png
Real,300,0.4360894560813904,0.03725681081414223,0.39883264526724815,0298.png
Real,300,0.29715999960899353,0.032381340861320496,0.26477865874767303,0241.png
Real,300,0.38094890117645264,0.03217864781618118,0.34877025336027145,0776.png
Real,300,0.3738161325454712,0.036058977246284485,0.3377571552991867,0260.png
Real,300,0.3983352780342102,0.028027847409248352,0.37030743062496185,0069.png
Real,300,0.2728997766971588,0.036002419888973236,0.23689735680818558,0719.png
Real,300,0.28819745779037476,0.023356221616268158,0.2648412361741066,0627.png
Real,300,0.41147947311401367,0.02989470213651657,0.3815847709774971,0485.png
Real,300,0.3616633117198944,0.02558213844895363,0.3360811732709408,0171.png
Real,300,0.4441768527030945,0.02759339101612568,0.4165834616869688,0098.png
Real,300,0.3992680311203003,0.03464851900935173,0.36461951211094856,0054.png
Real,300,0.37892329692840576,0.046850040555000305,0.33207325637340546,0796.png
Real,300,0.37428146600723267,0.039209261536598206,0.33507220447063446,0566.png
Real,300,0.3504207730293274,0.02885553240776062,0.3215652406215668,0733.png
Real,300,0.37711912393569946,0.062284767627716064,0.3148343563079834,0442.png
Real,300,0.3530782461166382,0.02814468741416931,0.32493355870246887,0517.png
Real,300,0.3509055972099304,0.027205361053347588,0.32370023615658283,0806.png
Real,300,0.3977412283420563,0.029823217540979385,0.3679180108010769,0636.png
Real,300,0.3159342408180237,0.034920331090688705,0.281013909727335,0717.png
Real,300,0.2857453227043152,0.02866625040769577,0.2570790722966194,0628.png
Real,300,0.325095534324646,0.044430673122406006,0.28066486120224,0821.png
Real,300,0.29485225677490234,0.025561032816767693,0.26929122395813465,0073.png
Real,300,0.3307901620864868,0.026415767148137093,0.3043743949383497,0262.png
Real,300,0.4377439320087433,0.032925814390182495,0.4048181176185608,0438.png
Real,300,0.3275260329246521,0.0329798087477684,0.2945462241768837,0869.png
Real,300,0.4014638364315033,0.03652298450469971,0.3649408519268036,0861.png
Real,300,0.36688894033432007,0.03819970786571503,0.32868923246860504,0348.png
Fake,300,0.3943699598312378,0.03328925743699074,0.36108070239424706,nano_banana_001469.png
Fake,300,0.25042569637298584,0.023981571197509766,0.22644412517547607,nano_banana_000093.png
Fake,300,0.33131998777389526,0.03193807601928711,0.29938191175460815,nano_banana_005652.png
Fake,300,0.22594892978668213,0.024493243545293808,0.20145568624138832,nano_banana_002523.png
Fake,300,0.3561001420021057,0.043565429747104645,0.31253471225500107,nano_banana_002071.png
Fake,300,0.33136534690856934,0.027054723352193832,0.3043106235563755,nano_banana_003765.png
Fake,300,0.28325074911117554,0.02498120814561844,0.2582695409655571,nano_banana_003451.png
Fake,300,0.2564055621623993,0.02669459953904152,0.22971096262335777,nano_banana_002636.png
Fake,300,0.25344428420066833,0.029928693547844887,0.22351559065282345,nano_banana_002978.png
Fake,300,0.34292447566986084,0.030821725726127625,0.3121027499437332,nano_banana_001793.png
Fake,300,0.22949784994125366,0.028584865853190422,0.20091298408806324,nano_banana_007545.png
Fake,300,0.38692736625671387,0.030749553814530373,0.3561778124421835,nano_banana_002152.png
Fake,300,0.3691253364086151,0.03163321688771248,0.33749211952090263,nano_banana_000536.png
Fake,300,0.27942001819610596,0.0336109884083271,0.24580902978777885,nano_banana_005842.png
Fake,300,0.26856476068496704,0.02279243804514408,0.24577232263982296,nano_banana_001966.png
Fake,300,0.3300156593322754,0.03318605571985245,0.29682960361242294,nano_banana_006804.png
Fake,300,0.33607661724090576,0.031000666320323944,0.3050759509205818,nano_banana_005851.png
Fake,300,0.33399948477745056,0.024887187406420708,0.30911229737102985,nano_banana_006182.png
Fake,300,0.32387620210647583,0.026780307292938232,0.2970958948135376,nano_banana_003688.png
Fake,300,0.32231366634368896,0.033446453511714935,0.28886721283197403,nano_banana_008183.png
Fake,300,0.37086278200149536,0.038650792092084885,0.3322119899094105,nano_banana_006188.png
Fake,300,0.25028669834136963,0.02662510797381401,0.22366159036755562,nano_banana_007097.png
Fake,300,0.40569183230400085,0.024664051830768585,0.38102778047323227,nano_banana_001683.png
Fake,300,0.33260834217071533,0.023322271183133125,0.3092860709875822,nano_banana_000434.png
Fake,300,0.3664187490940094,0.02789881080389023,0.33851993829011917,nano_banana_005588.png
Fake,300,0.31491589546203613,0.03727899491786957,0.27763690054416656,nano_banana_001119.png
Fake,300,0.33720946311950684,0.03768317773938179,0.29952628538012505,nano_banana_002285.png
Fake,300,0.3603614270687103,0.033726900815963745,0.3266345262527466,nano_banana_007641.png
Fake,300,0.2436864972114563,0.029735855758190155,0.21395064145326614,nano_banana_005249.png
Fake,300,0.26475492119789124,0.028174061328172684,0.23658085986971855,nano_banana_003202.png
Fake,300,0.1955898255109787,0.025054197758436203,0.1705356277525425,nano_banana_005128.png
Fake,300,0.3559212386608124,0.030455972999334335,0.32546526566147804,nano_banana_001828.png
Fake,300,0.3443010747432709,0.02320195734500885,0.321099117398262,nano_banana_007249.png
Fake,300,0.2873784899711609,0.03026040643453598,0.2571180835366249,nano_banana_003179.png
Fake,300,0.25680506229400635,0.02698379196226597,0.22982127033174038,nano_banana_000826.png
Fake,300,0.25131312012672424,0.03079085983335972,0.22052226029336452,nano_banana_007897.png
Fake,300,0.2740023136138916,0.025648830458521843,0.24835348315536976,nano_banana_003137.png
Fake,300,0.25011900067329407,0.04545508325099945,0.20466391742229462,nano_banana_002041.png
Fake,300,0.31576526165008545,0.030571773648262024,0.2851934880018234,nano_banana_008165.png
Fake,300,0.29783716797828674,0.02890084870159626,0.2689363192766905,nano_banana_007620.png
Fake,300,0.2963007092475891,0.027182279154658318,0.2691184300929308,nano_banana_001505.png
Fake,300,0.285061776638031,0.023445136845111847,0.26161663979291916,nano_banana_005483.png
Fake,300,0.3451348543167114,0.04367862269282341,0.301456231623888,nano_banana_001677.png
Fake,300,0.37387681007385254,0.02838951162993908,0.34548729844391346,nano_banana_002106.png
Fake,300,0.2718784213066101,0.029346473515033722,0.24253194779157639,nano_banana_001248.png
Fake,300,0.2496170550584793,0.0331290028989315,0.2164880521595478,nano_banana_007434.png
Fake,300,0.3281804919242859,0.0292821042239666,0.2988983877003193,nano_banana_001709.png
Fake,300,0.21710523962974548,0.022710110992193222,0.19439512863755226,nano_banana_001543.png
Fake,300,0.3918468952178955,0.032754018902778625,0.3590928763151169,nano_banana_005854.png
Fake,300,0.34941333532333374,0.029923368245363235,0.3194899670779705,nano_banana_007236.png
Real,350,0.32750168442726135,0.02122066356241703,0.3062810208648443,0816.png
Real,350,0.3153102397918701,0.028081530705094337,0.2872287090867758,0189.png
Real,350,0.35543954372406006,0.033405765891075134,0.3220337778329849,0867.png
Real,350,0.34868335723876953,0.02577071636915207,0.32291264086961746,0604.png
Real,350,0.361621618270874,0.02712487429380417,0.33449674397706985,0008.png
Real,350,0.3351178467273712,0.024576952680945396,0.3105408940464258,0439.png
Real,350,0.3083919882774353,0.02847958356142044,0.27991240471601486,0726.png
Real,350,0.3494117259979248,0.024310464039444923,0.3251012619584799,0427.png
Real,350,0.3438376784324646,0.021250590682029724,0.3225870877504349,0668.png
Real,350,0.3388565182685852,0.030031900852918625,0.3088246174156666,0223.png
Real,350,0.37387794256210327,0.0287789236754179,0.34509901888668537,0281.png
Real,350,0.3586168885231018,0.02375860884785652,0.3348582796752453,0759.png
Real,350,0.292073130607605,0.029597986489534378,0.2624751441180706,0237.png
Real,350,0.35685959458351135,0.022367406636476517,0.33449218794703484,0474.png
Real,350,0.35602423548698425,0.027152039110660553,0.3288721963763237,0623.png
Real,350,0.24554893374443054,0.030653387308120728,0.21489554643630981,0851.png
Real,350,0.31964346766471863,0.029138434678316116,0.2905050329864025,0462.png
Real,350,0.3505883812904358,0.030862867832183838,0.31972551345825195,0200.png
Real,350,0.31109049916267395,0.029489383101463318,0.28160111606121063,0229.png
Real,350,0.3675975203514099,0.03406081348657608,0.33353670686483383,0558.png
Real,350,0.3010694980621338,0.02838364988565445,0.27268584817647934,0576.png
Real,350,0.30848702788352966,0.022810475900769234,0.28567655198276043,0232.png
Real,350,0.34637904167175293,0.03599650785326958,0.31038253381848335,0076.png
Real,350,0.39752885699272156,0.037350721657276154,0.3601781353354454,0298.png
Real,350,0.27334749698638916,0.031564146280288696,0.24178335070610046,0241.png
Real,350,0.3535744547843933,0.029708949849009514,0.3238655049353838,0776.png
Real,350,0.3420103192329407,0.03871136158704758,0.3032989576458931,0260.png
Real,350,0.3754180669784546,0.02710546925663948,0.3483125977218151,0069.png
Real,350,0.254572331905365,0.029244551435112953,0.22532778047025204,0719.png
Real,350,0.26609331369400024,0.021610615774989128,0.24448269791901112,0627.png
Real,350,0.3779619336128235,0.03346160799264908,0.3445003256201744,0485.png
Real,350,0.3352166414260864,0.022867847234010696,0.31234879419207573,0171.png
Real,350,0.4069724678993225,0.03049410507082939,0.3764783628284931,0098.png
Real,350,0.36315423250198364,0.028980690985918045,0.3341735415160656,0054.png
Real,350,0.3483189344406128,0.038602471351623535,0.30971646308898926,0796.png
Real,350,0.34077274799346924,0.02935783937573433,0.3114149086177349,0566.png
Real,350,0.31698769330978394,0.023111265152692795,0.29387642815709114,0733.png
Real,350,0.33675068616867065,0.056946657598018646,0.279804028570652,0442.png
Real,350,0.33586788177490234,0.028505370020866394,0.30736251175403595,0517.png
Real,350,0.31997132301330566,0.025587253272533417,0.29438406974077225,0806.png
Real,350,0.3635897636413574,0.02428806573152542,0.339301697909832,0636.png
Real,350,0.28724876046180725,0.030849307775497437,0.2563994526863098,0717.png
Real,350,0.2745239734649658,0.02503410167992115,0.24948987178504467,0628.png
Real,350,0.30485525727272034,0.04117976129055023,0.2636754959821701,0821.png
Real,350,0.26262998580932617,0.027642538771033287,0.23498744703829288,0073.png
Real,350,0.30148619413375854,0.021595187485218048,0.2798910066485405,0262.png
Real,350,0.4001547396183014,0.02685682661831379,0.3732979129999876,0438.png
Real,350,0.29977524280548096,0.031241558492183685,0.26853368431329727,0869.png
Real,350,0.36110490560531616,0.0301440991461277,0.33096080645918846,0861.png
Real,350,0.3305710554122925,0.03638100624084473,0.29419004917144775,0348.png
Fake,350,0.36156272888183594,0.027215052396059036,0.3343476764857769,nano_banana_001469.png
Fake,350,0.24551260471343994,0.023154959082603455,0.2223576456308365,nano_banana_000093.png
Fake,350,0.3106468915939331,0.027107395231723785,0.2835394963622093,nano_banana_005652.png
Fake,350,0.2047727406024933,0.02471485361456871,0.18005788698792458,nano_banana_002523.png
Fake,350,0.32677024602890015,0.03305461257696152,0.29371563345193863,nano_banana_002071.png
Fake,350,0.2934568524360657,0.02241123653948307,0.2710456158965826,nano_banana_003765.png
Fake,350,0.2594333291053772,0.026686426252126694,0.2327469028532505,nano_banana_003451.png
Fake,350,0.24872076511383057,0.027864668518304825,0.22085609659552574,nano_banana_002636.png
Fake,350,0.23639409244060516,0.026099424809217453,0.2102946676313877,nano_banana_002978.png
Fake,350,0.3189108669757843,0.026050575077533722,0.2928602918982506,nano_banana_001793.png
Fake,350,0.2155332863330841,0.02709255926311016,0.18844072706997395,nano_banana_007545.png
Fake,350,0.35248255729675293,0.026288557797670364,0.32619399949908257,nano_banana_002152.png
Fake,350,0.344198614358902,0.030055556446313858,0.3141430579125881,nano_banana_000536.png
Fake,350,0.2607060372829437,0.027156397700309753,0.23354963958263397,nano_banana_005842.png
Fake,350,0.24870511889457703,0.0282607264816761,0.22044439241290092,nano_banana_001966.png
Fake,350,0.30568981170654297,0.03390420973300934,0.27178560197353363,nano_banana_006804.png
Fake,350,0.3082815706729889,0.02701035514473915,0.28127121552824974,nano_banana_005851.png
Fake,350,0.314933717250824,0.028568102046847343,0.28636561520397663,nano_banana_006182.png
Fake,350,0.30441102385520935,0.02596052549779415,0.2784504983574152,nano_banana_003688.png
Fake,350,0.29250890016555786,0.027807332575321198,0.26470156759023666,nano_banana_008183.png
Fake,350,0.3442937135696411,0.03288818895816803,0.3114055246114731,nano_banana_006188.png
Fake,350,0.23531001806259155,0.021742768585681915,0.21356724947690964,nano_banana_007097.png
Fake,350,0.3776070475578308,0.027354979887604713,0.3502520676702261,nano_banana_001683.png
Fake,350,0.30468419194221497,0.02201281487941742,0.28267137706279755,nano_banana_000434.png
Fake,350,0.3388434052467346,0.024389998987317085,0.31445340625941753,nano_banana_005588.png
Fake,350,0.28939634561538696,0.03230144828557968,0.2570948973298073,nano_banana_001119.png
Fake,350,0.3082171678543091,0.028313104063272476,0.2799040637910366,nano_banana_002285.png
Fake,350,0.3327105939388275,0.02799728885293007,0.30471330508589745,nano_banana_007641.png
Fake,350,0.23223024606704712,0.023719942197203636,0.20851030386984348,nano_banana_005249.png
Fake,350,0.2498777210712433,0.024367108941078186,0.2255106121301651,nano_banana_003202.png
Fake,350,0.2056179791688919,0.02414805442094803,0.18146992474794388,nano_banana_005128.png
Fake,350,0.32500872015953064,0.02774275653064251,0.29726596362888813,nano_banana_001828.png
Fake,350,0.3069266974925995,0.021425558254122734,0.28550113923847675,nano_banana_007249.png
Fake,350,0.27197423577308655,0.02671598270535469,0.24525825306773186,nano_banana_003179.png
Fake,350,0.2407447099685669,0.02158517763018608,0.2191595323383808,nano_banana_000826.png
Fake,350,0.22478434443473816,0.020649690181016922,0.20413465425372124,nano_banana_007897.png
Fake,350,0.261527419090271,0.02538149431347847,0.23614592477679253,nano_banana_003137.png
Fake,350,0.2239810675382614,0.046672023832798004,0.1773090437054634,nano_banana_002041.png
Fake,350,0.2922200560569763,0.029663976281881332,0.262556079775095,nano_banana_008165.png
Fake,350,0.2672002911567688,0.02857833355665207,0.23862195760011673,nano_banana_007620.png
Fake,350,0.2724098563194275,0.02936282753944397,0.24304702877998352,nano_banana_001505.png
Fake,350,0.265270471572876,0.021871749311685562,0.24339872226119041,nano_banana_005483.png
Fake,350,0.32530826330184937,0.031424909830093384,0.293883353471756,nano_banana_001677.png
Fake,350,0.3440666198730469,0.02480870857834816,0.3192579112946987,nano_banana_002106.png
Fake,350,0.2470034956932068,0.0274294875562191,0.2195740081369877,nano_banana_001248.png
Fake,350,0.2315034568309784,0.026798179373145103,0.2047052774578333,nano_banana_007434.png
Fake,350,0.30508843064308167,0.02495756931602955,0.2801308613270521,nano_banana_001709.png
Fake,350,0.1953417956829071,0.019667895510792732,0.17567390017211437,nano_banana_001543.png
Fake,350,0.3596990406513214,0.02856314927339554,0.3311358913779259,nano_banana_005854.png
Fake,350,0.3230687379837036,0.023986540734767914,0.2990821972489357,nano_banana_007236.png
Real,400,0.2958102822303772,0.024725478142499924,0.2710848040878773,0816.png
Real,400,0.2817244529724121,0.025004180148243904,0.2567202728241682,0189.png
Real,400,0.329249769449234,0.02947208844125271,0.2997776810079813,0867.png
Real,400,0.33319637179374695,0.02793954685330391,0.30525682494044304,0604.png
Real,400,0.3304588794708252,0.025828422978520393,0.3046304564923048,0008.png
Real,400,0.30594441294670105,0.025147687643766403,0.28079672530293465,0439.png
Real,400,0.2747938632965088,0.027434201911091805,0.24735966138541698,0726.png
Real,400,0.314890593290329,0.025689462199807167,0.2892011310905218,0427.png
Real,400,0.31567317247390747,0.026978131383657455,0.28869504109025,0668.png
Real,400,0.30685144662857056,0.028556518256664276,0.2782949283719063,0223.png
Real,400,0.33682382106781006,0.024297446012496948,0.3125263750553131,0281.png
Real,400,0.3236185908317566,0.024502815678715706,0.2991157751530409,0759.png
Real,400,0.2711142897605896,0.027705347165465355,0.24340894259512424,0237.png
Real,400,0.3268216848373413,0.02360088750720024,0.30322079733014107,0474.png
Real,400,0.3247726857662201,0.02744903415441513,0.29732365161180496,0623.png
Real,400,0.22435492277145386,0.03105841763317585,0.193296505138278,0851.png
Real,400,0.28767111897468567,0.02098790928721428,0.2666832096874714,0462.png
Real,400,0.3132297098636627,0.025471366941928864,0.28775834292173386,0200.png
Real,400,0.2794131636619568,0.024798210710287094,0.2546149529516697,0229.png
Real,400,0.3275662660598755,0.03130427002906799,0.2962619960308075,0558.png
Real,400,0.27422282099723816,0.022050509229302406,0.25217231176793575,0576.png
Real,400,0.282151460647583,0.023082654923200607,0.2590688057243824,0232.png
Real,400,0.321419358253479,0.03485896438360214,0.28656039386987686,0076.png
Real,400,0.3571053743362427,0.03486498445272446,0.3222403898835182,0298.png
Real,400,0.23949909210205078,0.02968793734908104,0.20981115475296974,0241.png
Real,400,0.3226502537727356,0.021877219900488853,0.30077303387224674,0776.png
Real,400,0.30309608578681946,0.030961012467741966,0.2721350733190775,0260.png
Real,400,0.3485872745513916,0.029333027079701424,0.3192542474716902,0069.png
Real,400,0.23109818994998932,0.027198005467653275,0.20390018448233604,0719.png
Real,400,0.2463931441307068,0.02717026323080063,0.21922288089990616,0627.png
Real,400,0.3443887233734131,0.0283728688955307,0.3160158544778824,0485.png
Real,400,0.2978056073188782,0.02572604827582836,0.2720795590430498,0171.png
Real,400,0.3652838468551636,0.028469271957874298,0.3368145748972893,0098.png
Real,400,0.3222963809967041,0.024292439222335815,0.2980039417743683,0054.png
Real,400,0.3213035464286804,0.03564191237092018,0.28566163405776024,0796.png
Real,400,0.31293749809265137,0.028042398393154144,0.2848950996994972,0566.png
Real,400,0.2954229712486267,0.024773530662059784,0.2706494405865669,0733.png
Real,400,0.29838550090789795,0.05295387655496597,0.24543162435293198,0442.png
Real,400,0.30257394909858704,0.020598094910383224,0.2819758541882038,0517.png
Real,400,0.287350058555603,0.024983471259474754,0.2623665872961283,0806.png
Real,400,0.3334885835647583,0.02881353721022606,0.30467504635453224,0636.png
Real,400,0.2569912075996399,0.02857748605310917,0.22841372154653072,0717.png
Real,400,0.2535856068134308,0.028987709432840347,0.22459789738059044,0628.png
Real,400,0.29560038447380066,0.03258509188890457,0.2630152925848961,0821.png
Real,400,0.24413688480854034,0.02530161663889885,0.2188352681696415,0073.png
Real,400,0.27482372522354126,0.02288931980729103,0.25193440541625023,0262.png
Real,400,0.3605807423591614,0.02603621408343315,0.3345445282757282,0438.png
Real,400,0.27551183104515076,0.024320349097251892,0.25119148194789886,0869.png
Real,400,0.32725077867507935,0.027911517769098282,0.29933926090598106,0861.png
Real,400,0.3020082712173462,0.03157354146242142,0.2704347297549248,0348.png
Fake,400,0.3322882056236267,0.025737229734659195,0.3065509758889675,nano_banana_001469.png
Fake,400,0.21292033791542053,0.022000614553689957,0.19091972336173058,nano_banana_000093.png
Fake,400,0.29156023263931274,0.022136759012937546,0.2694234736263752,nano_banana_005652.png
Fake,400,0.1938883662223816,0.019368380308151245,0.17451998591423035,nano_banana_002523.png
Fake,400,0.3063793182373047,0.03254494071006775,0.27383437752723694,nano_banana_002071.png
Fake,400,0.2747073769569397,0.025803595781326294,0.2489037811756134,nano_banana_003765.png
Fake,400,0.23371124267578125,0.02597299963235855,0.2077382430434227,nano_banana_003451.png
Fake,400,0.22675487399101257,0.025830015540122986,0.2009248584508896,nano_banana_002636.png
Fake,400,0.22882969677448273,0.023709818720817566,0.20511987805366516,nano_banana_002978.png
Fake,400,0.27875083684921265,0.02727918140590191,0.25147165544331074,nano_banana_001793.png
Fake,400,0.1967875361442566,0.027057815343141556,0.16972972080111504,nano_banana_007545.png
Fake,400,0.32292526960372925,0.025960423052310944,0.2969648465514183,nano_banana_002152.png
Fake,400,0.3248923718929291,0.028375495225191116,0.29651687666773796,nano_banana_000536.png
Fake,400,0.24336421489715576,0.027744973078370094,0.21561924181878567,nano_banana_005842.png
Fake,400,0.23195916414260864,0.022867146879434586,0.20909201726317406,nano_banana_001966.png
Fake,400,0.27849581837654114,0.025761228054761887,0.25273459032177925,nano_banana_006804.png
Fake,400,0.2782059907913208,0.021487222984433174,0.2567187678068876,nano_banana_005851.png
Fake,400,0.2771078050136566,0.024744389578700066,0.25236341543495655,nano_banana_006182.png
Fake,400,0.27861154079437256,0.02533832937479019,0.25327321141958237,nano_banana_003688.png
Fake,400,0.26738065481185913,0.02576209232211113,0.241618562489748,nano_banana_008183.png
Fake,400,0.3157951831817627,0.030659276992082596,0.2851359061896801,nano_banana_006188.png
Fake,400,0.21963432431221008,0.022177260369062424,0.19745706394314766,nano_banana_007097.png
Fake,400,0.3466174304485321,0.02379288524389267,0.32282454520463943,nano_banana_001683.png
Fake,400,0.27999019622802734,0.019591009244322777,0.26039918698370457,nano_banana_000434.png
Fake,400,0.3043176829814911,0.021604415029287338,0.28271326795220375,nano_banana_005588.png
Fake,400,0.26512089371681213,0.02990996278822422,0.2352109309285879,nano_banana_001119.png
Fake,400,0.2875255346298218,0.028432484716176987,0.2590930499136448,nano_banana_002285.png
Fake,400,0.3001372814178467,0.023051965981721878,0.2770853154361248,nano_banana_007641.png
Fake,400,0.20539361238479614,0.024320030584931374,0.18107358179986477,nano_banana_005249.png
Fake,400,0.2318473756313324,0.025054829195141792,0.2067925464361906,nano_banana_003202.png
Fake,400,0.18270890414714813,0.02241242304444313,0.160296481102705,nano_banana_005128.png
Fake,400,0.3022454082965851,0.0205560140311718,0.2816893942654133,nano_banana_001828.png
Fake,400,0.2807680368423462,0.020262140780687332,0.26050589606165886,nano_banana_007249.png
Fake,400,0.2519850730895996,0.021746834740042686,0.23023823834955692,nano_banana_003179.png
Fake,400,0.21961447596549988,0.02847859263420105,0.19113588333129883,nano_banana_000826.png
Fake,400,0.2073504626750946,0.02137143909931183,0.18597902357578278,nano_banana_007897.png
Fake,400,0.24273869395256042,0.023808520287275314,0.2189301736652851,nano_banana_003137.png
Fake,400,0.20075173676013947,0.03760036826133728,0.16315136849880219,nano_banana_002041.png
Fake,400,0.2712283730506897,0.026383087038993835,0.24484528601169586,nano_banana_008165.png
Fake,400,0.2424604594707489,0.025417888537049294,0.2170425709336996,nano_banana_007620.png
Fake,400,0.2572568655014038,0.025782139971852303,0.2314747255295515,nano_banana_001505.png
Fake,400,0.2394886612892151,0.0202084518969059,0.2192802093923092,nano_banana_005483.png
Fake,400,0.29942524433135986,0.030766084790229797,0.26865915954113007,nano_banana_001677.png
Fake,400,0.31533268094062805,0.02377963811159134,0.2915530428290367,nano_banana_002106.png
Fake,400,0.24065446853637695,0.028027968481183052,0.2126265000551939,nano_banana_001248.png
Fake,400,0.2084108293056488,0.023332029581069946,0.18507879972457886,nano_banana_007434.png
Fake,400,0.28174132108688354,0.021213235333561897,0.26052808575332165,nano_banana_001709.png
Fake,400,0.18349966406822205,0.024357106536626816,0.15914255753159523,nano_banana_001543.png
Fake,400,0.3248881697654724,0.023433346301317215,0.3014548234641552,nano_banana_005854.png
Fake,400,0.297690749168396,0.030819639563560486,0.2668711096048355,nano_banana_007236.png
Real,450,0.26781579852104187,0.01764002814888954,0.25017577037215233,0816.png
Real,450,0.258816123008728,0.02522566169500351,0.23359046131372452,0189.png
Real,450,0.293986976146698,0.02655014395713806,0.26743683218955994,0867.png
Real,450,0.30793145298957825,0.023744795471429825,0.2841866575181484,0604.png
Real,450,0.3058869242668152,0.02353876829147339,0.2823481559753418,0008.png
Real,450,0.2732110619544983,0.025803979486227036,0.24740708246827126,0439.png
Real,450,0.2522345781326294,0.02156057581305504,0.23067400231957436,0726.png
Real,450,0.2808791995048523,0.02112749218940735,0.25975170731544495,0427.png
Real,450,0.2807849645614624,0.022929884493350983,0.2578550800681114,0668.png
Real,450,0.27681243419647217,0.024681566283106804,0.25213086791336536,0223.png
Real,450,0.3018229007720947,0.029676765203475952,0.2721461355686188,0281.png
Real,450,0.2911050319671631,0.01928197592496872,0.27182305604219437,0759.png
Real,450,0.2535613775253296,0.020607590675354004,0.23295378684997559,0237.png
Real,450,0.2962537407875061,0.023195112124085426,0.2730586286634207,0474.png
Real,450,0.29621803760528564,0.026819422841072083,0.26939861476421356,0623.png
Real,450,0.2054576873779297,0.026786522939801216,0.17867116443812847,0851.png
Real,450,0.2609906792640686,0.02436700463294983,0.23662367463111877,0462.png
Real,450,0.2869799733161926,0.029947390779852867,0.25703258253633976,0200.png
Real,450,0.2497337907552719,0.021923620253801346,0.22781017050147057,0229.png
Real,450,0.3061877489089966,0.031836796551942825,0.27435095235705376,0558.png
Real,450,0.24473391473293304,0.020200267434120178,0.22453364729881287,0576.png
Real,450,0.2558678388595581,0.020282091572880745,0.23558574728667736,0232.png
Real,450,0.28881168365478516,0.03878886252641678,0.2500228211283684,0076.png
Real,450,0.318733811378479,0.027215559035539627,0.2915182523429394,0298.png
Real,450,0.21292516589164734,0.024366527795791626,0.1885586380958557,0241.png
Real,450,0.2840087413787842,0.023381926119327545,0.26062681525945663,0776.png
Real,450,0.2668270468711853,0.03883042186498642,0.22799662500619888,0260.png
Real,450,0.32456567883491516,0.02180739864706993,0.30275828018784523,0069.png
Real,450,0.21815213561058044,0.024336032569408417,0.19381610304117203,0719.png
Real,450,0.22960533201694489,0.017609307542443275,0.2119960244745016,0627.png
Real,450,0.3041609823703766,0.02128613367676735,0.28287484869360924,0485.png
Real,450,0.2690613269805908,0.017954325303435326,0.2511070016771555,0171.png
Real,450,0.32707712054252625,0.03107990138232708,0.29599721916019917,0098.png
Real,450,0.2794839143753052,0.02408761903643608,0.2553962953388691,0054.png
Real,450,0.28158479928970337,0.027357425540685654,0.2542273737490177,0796.png
Real,450,0.27382370829582214,0.021751105785369873,0.25207260251045227,0566.png
Real,450,0.26843884587287903,0.021352674812078476,0.24708617106080055,0733.png
Real,450,0.2629324793815613,0.04098644480109215,0.22194603458046913,0442.png
Real,450,0.27250808477401733,0.0222708098590374,0.25023727491497993,0517.png
Real,450,0.2588682472705841,0.0312565416097641,0.22761170566082,0806.png
Real,450,0.2990111708641052,0.020779404789209366,0.27823176607489586,0636.png
Real,450,0.2305067926645279,0.029113655909895897,0.201393136754632,0717.png
Real,450,0.23209741711616516,0.022740259766578674,0.2093571573495865,0628.png
Real,450,0.2844592332839966,0.0302279032766819,0.2542313300073147,0821.png
Real,450,0.22686517238616943,0.04088110476732254,0.1859840676188469,0073.png
Real,450,0.24762144684791565,0.01924903318285942,0.22837241366505623,0262.png
Real,450,0.31939589977264404,0.021983399987220764,0.2974124997854233,0438.png
Real,450,0.2515179514884949,0.020724892616271973,0.2307930588722229,0869.png
Real,450,0.2953174114227295,0.024684805423021317,0.2706326059997082,0861.png
Real,450,0.27226370573043823,0.030398795381188393,0.24186491034924984,0348.png
Fake,450,0.3001948297023773,0.024187663570046425,0.2760071661323309,nano_banana_001469.png
Fake,450,0.21608661115169525,0.019186580553650856,0.1969000305980444,nano_banana_000093.png
Fake,450,0.26492178440093994,0.0248371884226799,0.24008459597826004,nano_banana_005652.png
Fake,450,0.18199795484542847,0.021140849217772484,0.16085710562765598,nano_banana_002523.png
Fake,450,0.2858324646949768,0.030339766293764114,0.2554926984012127,nano_banana_002071.png
Fake,450,0.24782179296016693,0.022855371236801147,0.22496642172336578,nano_banana_003765.png
Fake,450,0.21109843254089355,0.019566241651773453,0.1915321908891201,nano_banana_003451.png
Fake,450,0.21162040531635284,0.021071428433060646,0.1905489768832922,nano_banana_002636.png
Fake,450,0.2025531530380249,0.02595650404691696,0.17659664899110794,nano_banana_002978.png
Fake,450,0.253501832485199,0.024519246071577072,0.2289825864136219,nano_banana_001793.png
Fake,450,0.172372967004776,0.020659249275922775,0.15171371772885323,nano_banana_007545.png
Fake,450,0.29230427742004395,0.026519645005464554,0.2657846324145794,nano_banana_002152.png
Fake,450,0.29378369450569153,0.028369998559355736,0.2654136959463358,nano_banana_000536.png
Fake,450,0.22199419140815735,0.025570889934897423,0.19642330147325993,nano_banana_005842.png
Fake,450,0.2097780704498291,0.021331533789634705,0.1884465366601944,nano_banana_001966.png
Fake,450,0.25762587785720825,0.02015158161520958,0.23747429624199867,nano_banana_006804.png
Fake,450,0.2566871643066406,0.01865990087389946,0.23802726343274117,nano_banana_005851.png
Fake,450,0.25425025820732117,0.0210227333009243,0.23322752490639687,nano_banana_006182.png
Fake,450,0.24819424748420715,0.02268902026116848,0.22550522722303867,nano_banana_003688.png
Fake,450,0.24067175388336182,0.017882155254483223,0.2227895986288786,nano_banana_008183.png
Fake,450,0.289634644985199,0.026411056518554688,0.2632235884666443,nano_banana_006188.png
Fake,450,0.19664070010185242,0.01926610991358757,0.17737459018826485,nano_banana_007097.png
Fake,450,0.3135472536087036,0.023495685309171677,0.29005156829953194,nano_banana_001683.png
Fake,450,0.2545894384384155,0.018125297501683235,0.2364641409367323,nano_banana_000434.png
Fake,450,0.28180402517318726,0.018273819237947464,0.2635302059352398,nano_banana_005588.png
Fake,450,0.24135947227478027,0.027119167149066925,0.21424030512571335,nano_banana_001119.png
Fake,450,0.2591615617275238,0.029951009899377823,0.22921055182814598,nano_banana_002285.png
Fake,450,0.2752116024494171,0.02323669195175171,0.2519749104976654,nano_banana_007641.png
Fake,450,0.18935418128967285,0.03310064971446991,0.15625353157520294,nano_banana_005249.png
Fake,450,0.20430442690849304,0.018864041194319725,0.18544038571417332,nano_banana_003202.png
Fake,450,0.17636960744857788,0.019189681857824326,0.15717992559075356,nano_banana_005128.png
Fake,450,0.26515087485313416,0.023567652329802513,0.24158322252333164,nano_banana_001828.png
Fake,450,0.2558591365814209,0.018814563751220703,0.2370445728302002,nano_banana_007249.png
Fake,450,0.23095953464508057,0.0209121685475111,0.21004736609756947,nano_banana_003179.png
Fake,450,0.21116438508033752,0.02195466309785843,0.1892097219824791,nano_banana_000826.png
Fake,450,0.18896928429603577,0.018749017268419266,0.1702202670276165,nano_banana_007897.png
Fake,450,0.22912651300430298,0.024360619485378265,0.2047658935189247,nano_banana_003137.png
Fake,450,0.18040242791175842,0.03189530596137047,0.14850712195038795,nano_banana_002041.png
Fake,450,0.24047932028770447,0.019829589873552322,0.22064973041415215,nano_banana_008165.png
Fake,450,0.235317200422287,0.022590866312384605,0.21272633410990238,nano_banana_007620.png
Fake,450,0.2276274859905243,0.020815374329686165,0.20681211166083813,nano_banana_001505.png
Fake,450,0.21901407837867737,0.02089453488588333,0.19811954349279404,nano_banana_005483.png
Fake,450,0.27521276473999023,0.026657186448574066,0.24855557829141617,nano_banana_001677.png
Fake,450,0.290583074092865,0.024479592218995094,0.2661034818738699,nano_banana_002106.png
Fake,450,0.22087699174880981,0.020032627508044243,0.20084436424076557,nano_banana_001248.png
Fake,450,0.18876585364341736,0.022156715393066406,0.16660913825035095,nano_banana_007434.png
Fake,450,0.25940555334091187,0.023063765838742256,0.2363417875021696,nano_banana_001709.png
Fake,450,0.17369511723518372,0.027447743341326714,0.146247373893857,nano_banana_001543.png
Fake,450,0.28826695680618286,0.023197120055556297,0.26506983675062656,nano_banana_005854.png
Fake,450,0.27799904346466064,0.02425820380449295,0.2537408396601677,nano_banana_007236.png
Real,500,0.24035659432411194,0.017729315906763077,0.22262727841734886,0816.png
Real,500,0.23139818012714386,0.022845562547445297,0.20855261757969856,0189.png
Real,500,0.27281060814857483,0.02457360550761223,0.2482370026409626,0867.png
Real,500,0.2884998917579651,0.018959730863571167,0.2695401608943939,0604.png
Real,500,0.27347660064697266,0.02517731301486492,0.24829928763210773,0008.png
Real,500,0.24348533153533936,0.02127883955836296,0.2222064919769764,0439.png
Real,500,0.22179630398750305,0.020508157089352608,0.20128814689815044,0726.png
Real,500,0.24837182462215424,0.021952154114842415,0.22641967050731182,0427.png
Real,500,0.2502896189689636,0.01682356558740139,0.23346605338156223,0668.png
Real,500,0.24033313989639282,0.03351476788520813,0.2068183720111847,0223.png
Real,500,0.27092280983924866,0.02700842171907425,0.2439143881201744,0281.png
Real,500,0.25601285696029663,0.018802165985107422,0.2372106909751892,0759.png
Real,500,0.225645512342453,0.018051140010356903,0.2075943723320961,0237.png
Real,500,0.27236753702163696,0.02393937110900879,0.24842816591262817,0474.png
Real,500,0.26166874170303345,0.023511674255132675,0.23815706744790077,0623.png
Real,500,0.19187697768211365,0.026575271040201187,0.16530170664191246,0851.png
Real,500,0.2289455682039261,0.025123178958892822,0.20382238924503326,0462.png
Real,500,0.25408774614334106,0.023522470146417618,0.23056527599692345,0200.png
Real,500,0.226671040058136,0.02369844913482666,0.20297259092330933,0229.png
Real,500,0.275230348110199,0.024275749921798706,0.25095459818840027,0558.png
Real,500,0.21806806325912476,0.01785663142800331,0.20021143183112144,0576.png
Real,500,0.2276104986667633,0.0178443044424057,0.2097661942243576,0232.png
Real,500,0.25943028926849365,0.028358951210975647,0.231071338057518,0076.png
Real,500,0.2832193374633789,0.02578486129641533,0.2574344761669636,0298.png
Real,500,0.18606975674629211,0.02341715805232525,0.16265259869396687,0241.png
Real,500,0.255266398191452,0.016309965401887894,0.23895643278956413,0776.png
Real,500,0.2350987195968628,0.027356954291462898,0.2077417653053999,0260.png
Real,500,0.2997741997241974,0.018164539709687233,0.28160966001451015,0069.png
Real,500,0.20266225934028625,0.02408028021454811,0.17858197912573814,0719.png
Real,500,0.21379631757736206,0.021039051935076714,0.19275726564228535,0627.png
Real,500,0.26809340715408325,0.02224699966609478,0.24584640748798847,0485.png
Real,500,0.237189382314682,0.019854746758937836,0.21733463555574417,0171.png
Real,500,0.28572916984558105,0.0189566221088171,0.26677254773676395,0098.png
Real,500,0.25085049867630005,0.02205713465809822,0.22879336401820183,0054.png
Real,500,0.252225399017334,0.03135724365711212,0.22086815536022186,0796.png
Real,500,0.25162968039512634,0.01815681904554367,0.23347286134958267,0566.png
Real,500,0.2432761788368225,0.026169102638959885,0.21710707619786263,0733.png
Real,500,0.2303750067949295,0.043757613748311996,0.1866173930466175,0442.png
Real,500,0.2462078034877777,0.025578681379556656,0.22062912210822105,0517.png
Real,500,0.22947019338607788,0.022612765431404114,0.20685742795467377,0806.png
Real,500,0.2683202624320984,0.019519224762916565,0.24880103766918182,0636.png
Real,500,0.20293815433979034,0.028242792934179306,0.17469536140561104,0717.png
Real,500,0.2180119901895523,0.017502373084425926,0.20050961710512638,0628.png
Real,500,0.2727694809436798,0.02572028711438179,0.24704919382929802,0821.png
Real,500,0.20725363492965698,0.018390273675322533,0.18886336125433445,0073.png
Real,500,0.2213694453239441,0.018627142533659935,0.20274230279028416,0262.png
Real,500,0.28189709782600403,0.021297268569469452,0.2605998292565346,0438.png
Real,500,0.23275494575500488,0.021464422345161438,0.21129052340984344,0869.png
Real,500,0.2657964825630188,0.02532031387090683,0.24047616869211197,0861.png
Real,500,0.24660992622375488,0.023473672568798065,0.22313625365495682,0348.png
Fake,500,0.2678943872451782,0.02798161469399929,0.23991277255117893,nano_banana_001469.png
Fake,500,0.20841428637504578,0.02008332684636116,0.18833095952868462,nano_banana_000093.png
Fake,500,0.2423500120639801,0.02463592402637005,0.21771408803761005,nano_banana_005652.png
Fake,500,0.16811904311180115,0.016435131430625916,0.15168391168117523,nano_banana_002523.png
Fake,500,0.26821669936180115,0.023521091789007187,0.24469560757279396,nano_banana_002071.png
Fake,500,0.22344902157783508,0.014721601270139217,0.20872742030769587,nano_banana_003765.png
Fake,500,0.18946067988872528,0.019772516563534737,0.16968816332519054,nano_banana_003451.png
Fake,500,0.19297152757644653,0.02317523956298828,0.16979628801345825,nano_banana_002636.png
Fake,500,0.18831241130828857,0.028178274631500244,0.16013413667678833,nano_banana_002978.png
Fake,500,0.2250758409500122,0.023841893300414085,0.20123394764959812,nano_banana_001793.png
Fake,500,0.15540075302124023,0.02665744721889496,0.12874330580234528,nano_banana_007545.png
Fake,500,0.26533249020576477,0.020801091566681862,0.2445313986390829,nano_banana_002152.png
Fake,500,0.27181026339530945,0.023801568895578384,0.24800869449973106,nano_banana_000536.png
Fake,500,0.21010014414787292,0.024503111839294434,0.1855970323085785,nano_banana_005842.png
Fake,500,0.19413478672504425,0.01622810773551464,0.1779066789895296,nano_banana_001966.png
Fake,500,0.22764956951141357,0.0226285383105278,0.20502103120088577,nano_banana_006804.png
Fake,500,0.22793886065483093,0.01787702739238739,0.21006183326244354,nano_banana_005851.png
Fake,500,0.23406994342803955,0.01859031617641449,0.21547962725162506,nano_banana_006182.png
Fake,500,0.22439518570899963,0.02202717401087284,0.2023680116981268,nano_banana_003688.png
Fake,500,0.21904140710830688,0.019993692636489868,0.19904771447181702,nano_banana_008183.png
Fake,500,0.2594905495643616,0.024844052270054817,0.23464649729430676,nano_banana_006188.png
Fake,500,0.19774022698402405,0.022345349192619324,0.17539487779140472,nano_banana_007097.png
Fake,500,0.28048741817474365,0.029864273965358734,0.2506231442093849,nano_banana_001683.png
Fake,500,0.22233590483665466,0.017701435834169388,0.20463446900248528,nano_banana_000434.png
Fake,500,0.24941088259220123,0.018388710916042328,0.2310221716761589,nano_banana_005588.png
Fake,500,0.2150808423757553,0.024950120598077774,0.19013072177767754,nano_banana_001119.png
Fake,500,0.226003959774971,0.026112079620361328,0.19989188015460968,nano_banana_002285.png
Fake,500,0.2508721947669983,0.022231820970773697,0.2286403737962246,nano_banana_007641.png
Fake,500,0.16877330839633942,0.024061165750026703,0.1447121426463127,nano_banana_005249.png
Fake,500,0.1909065544605255,0.02344421297311783,0.16746234148740768,nano_banana_003202.png
Fake,500,0.16689564287662506,0.018847746774554253,0.1480478961020708,nano_banana_005128.png
Fake,500,0.2419743537902832,0.01746336929500103,0.22451098449528217,nano_banana_001828.png
Fake,500,0.22335267066955566,0.018399186432361603,0.20495348423719406,nano_banana_007249.png
Fake,500,0.21391510963439941,0.021613027900457382,0.19230208173394203,nano_banana_003179.png
Fake,500,0.196700781583786,0.01815766841173172,0.1785431131720543,nano_banana_000826.png
Fake,500,0.17329363524913788,0.02244793251156807,0.1508457027375698,nano_banana_007897.png
Fake,500,0.20409448444843292,0.02194940112531185,0.18214508332312107,nano_banana_003137.png
Fake,500,0.16344064474105835,0.030027834698557854,0.1334128100425005,nano_banana_002041.png
Fake,500,0.22728420794010162,0.021570876240730286,0.20571333169937134,nano_banana_008165.png
Fake,500,0.20515184104442596,0.02064354345202446,0.1845082975924015,nano_banana_007620.png
Fake,500,0.21552246809005737,0.02200198359787464,0.19352048449218273,nano_banana_001505.png
Fake,500,0.1974775791168213,0.018429012969136238,0.17904856614768505,nano_banana_005483.png
Fake,500,0.2522640824317932,0.028868459165096283,0.22339562326669693,nano_banana_001677.png
Fake,500,0.2587750256061554,0.021987613290548325,0.23678741231560707,nano_banana_002106.png
Fake,500,0.19787850975990295,0.02242603525519371,0.17545247450470924,nano_banana_001248.png
Fake,500,0.1680321842432022,0.018650704994797707,0.1493814792484045,nano_banana_007434.png
Fake,500,0.23139065504074097,0.016926869750022888,0.21446378529071808,nano_banana_001709.png
Fake,500,0.15705396234989166,0.01738569512963295,0.1396682672202587,nano_banana_001543.png
Fake,500,0.2543414235115051,0.020138617604970932,0.2342028059065342,nano_banana_005854.png
Fake,500,0.25028669834136963,0.019898269325494766,0.23038842901587486,nano_banana_007236.png
